client_id,prenom,nom,date_naissance,genre,telephone,ville,date_inscription
CLI0001,Ibrahima,Diouf,1977-05-04,M,+221 73 328 27 23,Cotonou,2019-06-28
CLI0002,Fatou,Diop,1969-03-16,F,+221 73 338 74 87,Dakar,2022-02-23
CLI0003,Modou,Traoré,1974-11-21,M,+221 77 703 45 10,Saint-Louis,2022-11-30
CLI0004,Khady,Diallo,1971-12-23,F,+221 73 881 53 23,Thiès,2021-02-17
CLI0005,Moussa,Sy,1992-01-31,M,+221 74 926 15 68,Cotonou,2019-09-13
CLI0006,Aminata,Ba,1978-02-25,F,+221 79 982 56 83,Ziguinchor,2022-12-13
CLI0007,Ibrahima,Gueye,1975-03-23,M,+221 74 181 39 22,Bamako,2020-07-23
CLI0008,Khady,Ndiaye,1981-08-10,F,+221 75 314 95 44,Thiès,2022-06-01
CLI0009,Modou,Diouf,1975-12-25,M,+221 72 573 58 44,Cotonou,2020-03-25
CLI0010,Fatou,Sow,1966-06-10,F,+221 75 510 44 18,Ziguinchor,2022-03-07
CLI0011,Aïssatou,Gueye,1987-05-25,F,+221 76 758 68 28,Kaolack,2019-10-13
CLI0012,Modou,Ba,1976-10-14,M,+221 79 538 84 61,Abidjan,2020-03-25
CLI0013,Modou,Koné,1969-01-29,M,+221 70 981 24 29,Saint-Louis,2023-06-11
CLI0014,Mame,Fall,1982-04-06,F,+221 76 710 69 77,Kaolack,2022-02-07
CLI0015,Mamadou,Gueye,1989-02-01,M,+221 74 887 92 53,Thiès,2020-08-24
CLI0016,Mariama,Koné,1965-02-23,F,+221 74 612 32 74,Thiès,2023-11-18
CLI0017,Coumba,Sarr,1973-12-03,F,+221 72 482 30 79,Cotonou,2019-01-02
CLI0018,Adja,Diop,1970-01-07,F,+221 75 999 49 40,Dakar,2020-05-08
CLI0019,Mamadou,Diouf,1986-10-20,M,+221 71 878 78 26,Saint-Louis,2022-09-13
CLI0020,Coumba,Ndiaye,1976-11-21,F,+221 78 993 87 64,Ziguinchor,2022-01-09
CLI0021,Aliou,Traoré,1995-02-17,M,+221 75 548 76 67,Thiès,2020-05-22
CLI0022,Mamadou,Sy,1965-12-11,M,+221 79 667 39 85,Ziguinchor,2019-01-15
CLI0023,Ibrahima,Sow,1968-01-10,M,+221 70 980 52 19,Cotonou,2020-05-02
CLI0024,Adja,Sow,1989-03-10,F,+221 72 840 83 83,Lomé,2020-05-12
CLI0025,Ndèye,Sow,1969-03-26,F,+221 71 774 65 55,Bamako,2021-04-21
CLI0026,Fatou,Gueye,1994-04-25,F,+221 71 162 61 53,Thiès,2020-05-24
CLI0027,Abdou,Ba,1985-02-15,M,+221 72 532 33 45,Lomé,2020-05-26
CLI0028,Seydou,Ba,1969-05-24,M,+221 70 767 79 11,Thiès,2023-03-24
CLI0029,Ousmane,Traoré,1986-10-14,M,+221 77 318 61 17,Saint-Louis,2021-02-15
CLI0030,Cheikh,Diallo,2000-03-04,M,+221 77 392 64 99,Cotonou,2022-09-17
CLI0031,Mariama,Sow,1978-04-24,F,+221 73 159 84 79,Dakar,2023-03-12
CLI0032,Fatou,Diop,1991-03-17,F,+221 77 614 77 30,Dakar,2021-11-06
CLI0033,Ousmane,Fall,1991-09-11,M,+221 71 791 40 61,Thiès,2023-12-29
CLI0034,Lamine,Sarr,1966-10-14,M,+221 79 183 63 94,Ouagadougou,2022-03-03
CLI0035,Rokhaya,Sow,1995-01-16,F,+221 75 344 43 60,Saint-Louis,2022-10-07
CLI0036,Adja,Sy,1998-09-23,F,+221 71 109 68 89,Ouagadougou,2019-07-24
CLI0037,Modou,Sow,1987-09-11,M,+221 74 235 54 18,Ziguinchor,2021-01-26
CLI0038,Mariama,Koné,1989-05-15,F,+221 74 726 93 77,Dakar,2022-09-29
CLI0039,Aminata,Ndiaye,1976-11-12,F,+221 71 209 80 29,Kaolack,2020-07-31
CLI0040,Moussa,Sow,1995-11-03,M,+221 74 617 72 42,Dakar,2019-07-09
CLI0041,Rokhaya,Diop,1965-02-28,F,+221 75 889 26 91,Kaolack,2019-11-27
CLI0042,Coumba,Diouf,1984-03-09,F,+221 78 109 24 19,Saint-Louis,2022-01-22
CLI0043,Moussa,Sarr,1989-10-14,M,+221 72 540 26 15,Kaolack,2021-01-16
CLI0044,Moussa,Sow,1995-08-06,M,+221 73 782 23 55,Cotonou,2023-12-16
CLI0045,Mame,Diouf,1971-12-08,F,+221 73 985 30 32,Bamako,2019-02-20
CLI0046,Moussa,Traoré,2000-12-26,M,+221 73 373 30 99,Thiès,2021-02-22
CLI0047,Seydou,Sow,1973-12-14,M,+221 77 458 49 39,Ziguinchor,2019-02-18
CLI0048,Cheikh,Sy,1977-07-01,M,+221 71 891 45 54,Cotonou,2021-03-29
CLI0049,Fatou,Fall,1976-09-19,F,+221 72 694 43 14,Thiès,2022-05-06
CLI0050,Khady,Diouf,2000-04-11,F,+221 75 546 87 75,Thiès,2021-02-27
CLI0051,Aliou,Diop,1996-10-17,M,+221 76 101 76 78,Ziguinchor,2021-01-15
CLI0052,Aminata,Gueye,1979-10-24,F,+221 79 421 94 25,Kaolack,2021-11-04
CLI0053,Ndèye,Sy,1983-01-19,F,+221 74 667 26 34,Bamako,2022-09-23
CLI0054,Mariama,Sarr,1990-07-13,F,+221 74 515 80 10,Kaolack,2020-08-10
CLI0055,Cheikh,Sarr,1992-03-19,M,+221 75 576 66 66,Ziguinchor,2021-11-12
CLI0056,Mariama,Gueye,1968-10-21,F,+221 74 627 94 91,Ouagadougou,2020-11-17
CLI0057,Abdou,Gueye,1978-12-04,M,+221 73 925 35 28,Dakar,2019-04-05
CLI0058,Seydou,Sarr,1999-06-22,M,+221 71 566 63 90,Ouagadougou,2020-02-03
CLI0059,Adja,Traoré,1975-12-12,F,+221 72 771 98 10,Thiès,2023-05-14
CLI0060,Aïssatou,Ndiaye,1996-03-20,F,+221 78 575 16 81,Ziguinchor,2023-10-04
CLI0061,Seydou,Ndiaye,2000-12-13,M,+221 77 783 77 81,Ouagadougou,2020-10-11
CLI0062,Mame,Diouf,1987-08-24,F,+221 76 950 80 67,Saint-Louis,2023-03-04
CLI0063,Adja,Diallo,1998-09-22,F,+221 73 960 91 45,Cotonou,2021-09-19
CLI0064,Aliou,Koné,1968-06-23,M,+221 74 340 44 52,Abidjan,2022-01-11
CLI0065,Ousmane,Ndiaye,1975-05-17,M,+221 76 810 29 37,Thiès,2021-04-29
CLI0066,Khady,Ba,1985-11-25,F,+221 76 163 36 63,Bamako,2023-04-26
CLI0067,Lamine,Traoré,1986-05-25,M,+221 70 460 48 59,Bamako,2022-01-07
CLI0068,Seydou,Sow,1977-03-30,M,+221 76 597 13 59,Abidjan,2022-10-01
CLI0069,Mariama,Koné,1970-09-23,F,+221 79 646 13 60,Ouagadougou,2022-03-01
CLI0070,Mamadou,Gueye,1984-03-24,M,+221 72 987 69 33,Dakar,2020-06-16
CLI0071,Khady,Sow,1985-05-25,F,+221 75 445 58 45,Bamako,2020-05-31
CLI0072,Seydou,Diop,1998-08-08,M,+221 78 153 54 38,Thiès,2023-05-19
CLI0073,Ibrahima,Sow,1973-12-11,M,+221 70 736 29 40,Saint-Louis,2021-08-27
CLI0074,Lamine,Sow,1985-11-11,M,+221 74 885 57 31,Ouagadougou,2022-05-28
CLI0075,Ousmane,Diallo,1969-11-07,M,+221 79 126 49 83,Bamako,2021-03-23
CLI0076,Mamadou,Sarr,1995-12-25,M,+221 73 204 99 48,Ouagadougou,2023-07-08
CLI0077,Lamine,Diop,1980-07-29,M,+221 78 538 94 57,Thiès,2021-11-02
CLI0078,Fatou,Traoré,1986-12-28,F,+221 71 543 56 91,Lomé,2022-12-19
CLI0079,Cheikh,Ndiaye,1997-12-01,M,+221 78 766 44 88,Cotonou,2023-05-06
CLI0080,Adja,Traoré,1997-10-17,F,+221 79 374 51 41,Thiès,2020-07-25
CLI0081,Aïssatou,Koné,1990-07-25,F,+221 79 784 58 53,Dakar,2021-10-09
CLI0082,Mariama,Koné,1974-07-08,F,+221 75 916 43 53,Kaolack,2023-12-08
CLI0083,Coumba,Diop,1988-03-05,F,+221 73 187 40 62,Lomé,2022-02-11
CLI0084,Seydou,Gueye,1996-12-06,M,+221 77 558 12 21,Kaolack,2020-03-29
CLI0085,Aïssatou,Diallo,1994-10-14,F,+221 79 477 70 80,Cotonou,2020-12-05
CLI0086,Coumba,Sy,1980-10-13,F,+221 77 377 49 42,Ziguinchor,2019-09-05
CLI0087,Moussa,Fall,1998-04-29,M,+221 78 880 98 33,Ziguinchor,2020-03-19
CLI0088,Rokhaya,Diouf,1991-06-13,F,+221 78 711 46 22,Ziguinchor,2020-08-29
CLI0089,Moussa,Ndiaye,1978-07-24,M,+221 70 825 78 26,Kaolack,2019-04-04
CLI0090,Modou,Diallo,1996-04-14,M,+221 72 753 72 23,Dakar,2022-03-21
CLI0091,Adja,Koné,1984-10-04,F,+221 75 288 16 42,Lomé,2019-08-22
CLI0092,Cheikh,Koné,1968-04-28,M,+221 79 744 97 16,Saint-Louis,2019-11-02
CLI0093,Aminata,Sow,1970-04-25,F,+221 78 882 63 87,Ouagadougou,2023-06-08
CLI0094,Modou,Traoré,1985-03-18,M,+221 77 404 85 64,Kaolack,2022-03-10
CLI0095,Lamine,Diouf,1969-06-14,M,+221 73 740 37 43,Thiès,2019-11-18
CLI0096,Ousmane,Ba,1968-05-14,M,+221 72 102 62 67,Ouagadougou,2021-08-20
CLI0097,Fatou,Sow,1977-12-04,F,+221 74 819 68 19,Ziguinchor,2020-06-25
CLI0098,Cheikh,Fall,1989-06-06,M,+221 73 763 29 44,Saint-Louis,2019-05-27
CLI0099,Ousmane,Diallo,1991-09-11,M,+221 79 395 66 25,Lomé,2022-11-11
CLI0100,Ndèye,Diallo,1987-06-14,F,+221 78 605 66 20,Ouagadougou,2019-03-23
CLI0101,Khady,Sarr,1976-03-26,F,+221 70 193 39 96,Ouagadougou,2022-04-17
CLI0102,Aliou,Sarr,1966-10-22,M,+221 72 581 76 93,Lomé,2020-07-23
CLI0103,Lamine,Traoré,1993-06-23,M,+221 77 193 70 54,Bamako,2020-11-13
CLI0104,Aminata,Ndiaye,1979-10-18,F,+221 76 810 73 46,Bamako,2023-07-25
CLI0105,Seydou,Fall,1979-02-10,M,+221 74 431 24 61,Cotonou,2023-08-17
CLI0106,Modou,Koné,1983-07-16,M,+221 70 292 76 56,Ouagadougou,2023-03-30
CLI0107,Adja,Diop,1974-02-18,F,+221 74 662 26 46,Lomé,2023-12-09
CLI0108,Aminata,Diop,1993-04-06,F,+221 79 918 40 30,Kaolack,2022-02-02
CLI0109,Modou,Traoré,1969-03-08,M,+221 73 961 24 69,Thiès,2022-08-19
CLI0110,Seydou,Diouf,1978-02-03,M,+221 78 822 44 63,Lomé,2021-08-25
CLI0111,Seydou,Ba,1971-06-28,M,+221 76 295 86 75,Saint-Louis,2023-11-05
CLI0112,Aliou,Traoré,1980-03-31,M,+221 78 373 10 46,Kaolack,2023-09-12
CLI0113,Mariama,Koné,1989-02-28,F,+221 77 453 52 80,Cotonou,2021-02-11
CLI0114,Khady,Sow,1996-04-15,F,+221 73 685 59 39,Bamako,2019-03-31
CLI0115,Adja,Diouf,1982-02-07,F,+221 76 779 93 29,Lomé,2019-03-17
CLI0116,Modou,Sarr,1979-11-23,M,+221 71 995 66 22,Cotonou,2021-07-24
CLI0117,Ousmane,Traoré,1994-05-16,M,+221 72 176 70 43,Abidjan,2022-06-30
CLI0118,Aminata,Sy,1995-04-02,F,+221 78 489 50 90,Lomé,2023-11-22
CLI0119,Lamine,Fall,1975-07-14,M,+221 74 332 21 65,Thiès,2023-04-07
CLI0120,Seydou,Ndiaye,1996-02-18,M,+221 74 129 15 51,Dakar,2020-08-23
CLI0121,Khady,Traoré,1971-07-14,F,+221 73 643 62 82,Saint-Louis,2019-12-15
CLI0122,Mamadou,Sarr,1982-02-28,M,+221 79 799 40 73,Ouagadougou,2019-10-21
CLI0123,Seydou,Gueye,1976-05-24,M,+221 77 361 95 11,Lomé,2020-08-12
CLI0124,Mamadou,Koné,1980-07-02,M,+221 79 406 91 64,Kaolack,2021-07-24
CLI0125,Aïssatou,Traoré,1986-09-04,F,+221 71 342 58 83,Abidjan,2022-03-23
CLI0126,Rokhaya,Diop,1994-07-12,F,+221 76 381 11 82,Dakar,2022-05-26
CLI0127,Rokhaya,Sow,1992-03-26,F,+221 75 324 91 34,Ouagadougou,2020-05-28
CLI0128,Mamadou,Gueye,1993-12-29,M,+221 70 416 66 14,Ouagadougou,2021-01-17
CLI0129,Mamadou,Diallo,1979-08-28,M,+221 76 279 35 26,Cotonou,2023-11-30
CLI0130,Coumba,Ba,1977-03-24,F,+221 72 363 71 47,Abidjan,2023-07-06
CLI0131,Seydou,Fall,1971-04-26,M,+221 73 980 96 96,Bamako,2023-09-29
CLI0132,Aminata,Traoré,1965-08-17,F,+221 74 649 25 68,Abidjan,2022-10-09
CLI0133,Mame,Traoré,1993-08-23,F,+221 75 210 96 39,Lomé,2019-02-21
CLI0134,Mame,Sow,1994-01-20,F,+221 71 750 69 99,Kaolack,2022-08-22
CLI0135,Aminata,Ndiaye,1967-01-13,F,+221 70 411 73 24,Thiès,2020-04-25
CLI0136,Cheikh,Koné,1981-08-23,M,+221 78 529 85 29,Bamako,2022-09-03
CLI0137,Seydou,Sarr,1983-04-23,M,+221 74 133 98 57,Ziguinchor,2021-06-27
CLI0138,Aïssatou,Sy,1969-06-16,F,+221 75 657 92 55,Dakar,2021-03-26
CLI0139,Aïssatou,Fall,1985-05-26,F,+221 71 778 37 92,Ouagadougou,2019-02-13
CLI0140,Moussa,Sow,1970-08-26,M,+221 79 310 18 80,Ziguinchor,2022-04-15
CLI0141,Abdou,Sy,1999-09-27,M,+221 72 907 86 10,Kaolack,2023-10-25
CLI0142,Ousmane,Ba,1976-03-30,M,+221 72 212 94 13,Saint-Louis,2019-01-31
CLI0143,Aïssatou,Sarr,1979-07-11,F,+221 70 278 43 16,Saint-Louis,2023-02-28
CLI0144,Coumba,Fall,1998-06-13,F,+221 71 587 67 56,Cotonou,2022-04-30
CLI0145,Seydou,Ba,1974-12-09,M,+221 79 144 94 76,Kaolack,2021-07-27
CLI0146,Ibrahima,Koné,1983-01-07,M,+221 76 802 23 72,Lomé,2019-05-31
CLI0147,Moussa,Sarr,1971-08-28,M,+221 71 229 45 89,Ouagadougou,2022-01-28
CLI0148,Ndèye,Sarr,1988-10-19,F,+221 74 564 74 87,Bamako,2019-07-23
CLI0149,Modou,Diouf,1974-08-24,M,+221 76 562 39 62,Abidjan,2023-08-22
CLI0150,Ndèye,Traoré,1997-09-23,F,+221 71 420 64 50,Kaolack,2021-02-05
CLI0151,Seydou,Fall,1969-02-03,M,+221 71 195 65 22,Abidjan,2023-07-21
CLI0152,Modou,Diop,1991-04-23,M,+221 78 675 52 95,Thiès,2021-04-21
CLI0153,Ndèye,Diouf,1967-04-23,F,+221 74 714 49 55,Thiès,2022-03-29
CLI0154,Ousmane,Gueye,1986-08-19,M,+221 73 967 23 54,Cotonou,2021-01-22
CLI0155,Aliou,Sarr,1975-02-23,M,+221 76 965 81 89,Ouagadougou,2022-10-14
CLI0156,Lamine,Gueye,1996-02-09,M,+221 74 129 33 44,Kaolack,2020-11-26
CLI0157,Fatou,Ndiaye,1971-06-06,F,+221 79 773 61 18,Saint-Louis,2023-02-26
CLI0158,Mamadou,Diouf,1988-10-18,M,+221 73 485 63 68,Abidjan,2019-11-19
CLI0159,Rokhaya,Diouf,1979-07-21,F,+221 79 710 20 16,Saint-Louis,2019-11-19
CLI0160,Mamadou,Diallo,1984-11-16,M,+221 76 597 87 66,Bamako,2020-07-13
CLI0161,Modou,Fall,1980-06-26,M,+221 76 213 46 96,Ouagadougou,2021-09-23
CLI0162,Fatou,Sow,1982-09-24,F,+221 79 156 10 36,Kaolack,2020-03-08
CLI0163,Aliou,Diallo,1979-09-20,M,+221 71 107 73 65,Saint-Louis,2019-09-22
CLI0164,Coumba,Diouf,1975-04-29,F,+221 78 672 95 55,Thiès,2021-03-24
CLI0165,Cheikh,Diop,1985-08-16,M,+221 71 982 50 83,Bamako,2022-03-20
CLI0166,Ndèye,Diallo,1970-03-03,F,+221 76 121 51 31,Ouagadougou,2021-07-31
CLI0167,Aminata,Traoré,1969-10-01,F,+221 73 546 85 61,Cotonou,2019-06-11
CLI0168,Rokhaya,Diouf,1980-03-25,F,+221 73 441 31 19,Cotonou,2022-07-20
CLI0169,Modou,Ba,1973-09-12,M,+221 75 459 92 28,Ziguinchor,2019-07-30
CLI0170,Aliou,Sow,1972-10-13,M,+221 79 256 93 19,Saint-Louis,2023-05-02
CLI0171,Adja,Sarr,1999-02-01,F,+221 79 559 97 82,Ouagadougou,2020-10-23
CLI0172,Mariama,Koné,1968-01-24,F,+221 77 552 90 48,Kaolack,2022-04-26
CLI0173,Moussa,Ba,1968-04-30,M,+221 74 572 67 14,Dakar,2021-01-25
CLI0174,Aminata,Gueye,1969-01-19,F,+221 79 708 74 59,Lomé,2022-04-03
CLI0175,Seydou,Sarr,1994-03-29,M,+221 73 429 87 70,Cotonou,2019-11-05
CLI0176,Seydou,Fall,1980-05-28,M,+221 71 616 92 32,Dakar,2020-05-22
CLI0177,Adja,Ba,1988-06-13,F,+221 79 262 56 57,Kaolack,2021-03-04
CLI0178,Khady,Gueye,1991-10-27,F,+221 70 908 90 92,Abidjan,2019-05-15
CLI0179,Aminata,Ba,1995-06-07,F,+221 76 390 42 94,Ouagadougou,2023-11-24
CLI0180,Moussa,Fall,1991-02-21,M,+221 72 458 49 93,Bamako,2019-09-22
CLI0181,Aliou,Ba,1981-11-24,M,+221 75 932 26 95,Cotonou,2019-07-11
CLI0182,Coumba,Sy,1965-10-26,F,+221 75 416 33 37,Abidjan,2023-04-19
CLI0183,Aïssatou,Sow,1971-03-04,F,+221 72 179 47 22,Cotonou,2023-04-28
CLI0184,Moussa,Sarr,1970-11-18,M,+221 79 485 29 30,Saint-Louis,2023-08-30
CLI0185,Seydou,Diop,1983-06-07,M,+221 75 792 40 66,Ouagadougou,2020-08-06
CLI0186,Aïssatou,Ba,1975-09-24,F,+221 74 928 70 34,Abidjan,2022-10-21
CLI0187,Adja,Diallo,1999-11-27,F,+221 76 614 77 63,Saint-Louis,2023-07-31
CLI0188,Lamine,Ndiaye,1976-03-20,M,+221 70 756 71 57,Cotonou,2019-07-30
CLI0189,Aliou,Fall,1999-03-26,M,+221 72 379 67 75,Saint-Louis,2023-08-29
CLI0190,Aminata,Sow,1985-03-28,F,+221 75 127 63 16,Bamako,2021-10-25
CLI0191,Aïssatou,Traoré,1968-08-30,F,+221 75 329 13 50,Thiès,2023-09-15
CLI0192,Mariama,Ndiaye,1966-09-20,F,+221 74 949 70 99,Saint-Louis,2023-04-04
CLI0193,Adja,Sarr,1965-03-28,F,+221 71 119 42 37,Saint-Louis,2022-01-28
CLI0194,Aminata,Diallo,1975-08-30,F,+221 74 224 16 40,Bamako,2022-08-01
CLI0195,Aminata,Fall,1987-06-04,F,+221 79 648 12 90,Cotonou,2022-03-23
CLI0196,Ousmane,Diallo,1984-04-03,M,+221 70 729 55 40,Ouagadougou,2021-05-03
CLI0197,Mamadou,Ba,1981-03-06,M,+221 71 638 79 74,Cotonou,2022-02-08
CLI0198,Cheikh,Koné,1966-12-15,M,+221 76 482 42 12,Abidjan,2023-06-03
CLI0199,Moussa,Sow,1997-11-17,M,+221 71 890 84 52,Saint-Louis,2019-04-01
CLI0200,Coumba,Sy,1993-11-01,F,+221 72 950 97 69,Lomé,2022-07-17
CLI0201,Ousmane,Fall,1997-02-13,M,+221 77 137 47 35,Dakar,2023-06-09
CLI0202,Ibrahima,Sy,1978-11-29,M,+221 78 507 79 70,Kaolack,2019-03-16
CLI0203,Aliou,Sy,2000-01-11,M,+221 70 986 93 52,Kaolack,2019-09-12
CLI0204,Ndèye,Traoré,1998-05-06,F,+221 77 495 53 33,Lomé,2022-11-18
CLI0205,Khady,Ba,1976-12-18,F,+221 71 844 64 20,Bamako,2022-05-18
CLI0206,Modou,Diallo,1979-05-30,M,+221 71 181 51 94,Kaolack,2020-09-19
CLI0207,Mame,Diouf,1984-02-12,F,+221 72 806 66 54,Lomé,2019-03-28
CLI0208,Mame,Traoré,1977-04-26,F,+221 70 176 95 91,Bamako,2021-01-14
CLI0209,Ibrahima,Ndiaye,1992-04-03,M,+221 77 135 26 18,Ziguinchor,2023-05-14
CLI0210,Khady,Traoré,1990-06-12,F,+221 70 719 29 96,Lomé,2021-01-29
CLI0211,Adja,Fall,1990-09-30,F,+221 72 642 56 60,Abidjan,2022-08-23
CLI0212,Aïssatou,Fall,1966-03-01,F,+221 72 611 76 59,Cotonou,2019-08-30
CLI0213,Rokhaya,Diouf,1985-01-07,F,+221 73 726 46 98,Lomé,2020-02-14
CLI0214,Ousmane,Fall,1985-04-12,M,+221 72 830 66 21,Abidjan,2022-09-29
CLI0215,Aminata,Ba,1989-04-27,F,+221 74 407 30 99,Saint-Louis,2023-06-14
CLI0216,Coumba,Sow,1970-06-12,F,+221 73 911 27 40,Lomé,2019-02-23
CLI0217,Coumba,Sarr,1981-07-20,F,+221 77 922 80 26,Ouagadougou,2023-12-16
CLI0218,Mamadou,Diallo,1982-11-11,M,+221 77 638 62 62,Ouagadougou,2019-06-01
CLI0219,Moussa,Gueye,1968-04-30,M,+221 77 577 97 76,Abidjan,2019-09-20
CLI0220,Ousmane,Traoré,1987-07-23,M,+221 70 951 25 76,Saint-Louis,2020-09-14
CLI0221,Ousmane,Sy,1996-10-26,M,+221 73 454 76 46,Thiès,2020-05-28
CLI0222,Modou,Diallo,1970-08-13,M,+221 74 729 78 21,Cotonou,2022-08-05
CLI0223,Lamine,Sarr,1971-12-02,M,+221 72 774 89 87,Abidjan,2023-09-22
CLI0224,Ibrahima,Fall,1967-01-15,M,+221 79 371 93 36,Ouagadougou,2021-05-03
CLI0225,Seydou,Gueye,1989-06-22,M,+221 74 757 48 71,Ziguinchor,2023-07-07
CLI0226,Rokhaya,Koné,1968-04-10,F,+221 70 261 66 63,Lomé,2021-08-09
CLI0227,Moussa,Sarr,1971-06-12,M,+221 75 982 50 54,Bamako,2019-09-25
CLI0228,Coumba,Ba,1969-10-06,F,+221 75 347 69 25,Kaolack,2021-07-09
CLI0229,Ousmane,Fall,1967-04-10,M,+221 74 493 88 63,Ziguinchor,2023-11-08
CLI0230,Moussa,Sarr,1997-05-07,M,+221 75 294 30 73,Cotonou,2021-08-14
CLI0231,Rokhaya,Koné,1966-01-15,F,+221 71 502 74 68,Ziguinchor,2020-03-16
CLI0232,Fatou,Diop,1977-08-15,F,+221 77 711 93 96,Lomé,2020-08-08
CLI0233,Mamadou,Traoré,1971-01-04,M,+221 74 844 56 61,Abidjan,2019-04-03
CLI0234,Fatou,Sarr,1990-03-15,F,+221 73 471 80 46,Thiès,2021-03-02
CLI0235,Coumba,Diallo,1992-12-16,F,+221 79 221 26 22,Bamako,2021-02-03
CLI0236,Coumba,Sy,1998-11-13,F,+221 72 303 87 75,Bamako,2021-10-21
CLI0237,Ibrahima,Diop,1971-02-24,M,+221 75 923 70 76,Lomé,2019-11-02
CLI0238,Moussa,Sarr,1979-04-16,M,+221 72 502 88 48,Ouagadougou,2020-11-19
CLI0239,Mame,Diallo,1986-04-21,F,+221 70 477 52 96,Thiès,2021-05-03
CLI0240,Fatou,Sarr,1986-04-16,F,+221 74 771 84 83,Ziguinchor,2023-01-17
CLI0241,Lamine,Koné,1972-08-25,M,+221 78 744 89 58,Saint-Louis,2023-08-10
CLI0242,Ibrahima,Sarr,1996-06-04,M,+221 71 295 12 66,Abidjan,2021-05-07
CLI0243,Cheikh,Diouf,1974-02-23,M,+221 76 613 88 70,Dakar,2022-12-16
CLI0244,Modou,Sow,1990-02-28,M,+221 75 778 71 77,Bamako,2020-10-04
CLI0245,Seydou,Ba,1980-05-10,M,+221 78 462 96 97,Kaolack,2022-06-03
CLI0246,Aïssatou,Sow,1977-07-08,F,+221 78 405 38 48,Kaolack,2022-12-14
CLI0247,Seydou,Sy,1986-07-11,M,+221 75 673 45 46,Thiès,2022-03-20
CLI0248,Ndèye,Sy,1999-09-05,F,+221 72 397 15 46,Thiès,2020-12-10
CLI0249,Rokhaya,Diouf,1986-06-29,F,+221 73 306 78 44,Cotonou,2022-11-26
CLI0250,Mariama,Fall,1992-08-14,F,+221 79 345 41 16,Cotonou,2020-04-07
CLI0251,Ibrahima,Fall,1983-07-17,M,+221 75 834 70 22,Saint-Louis,2019-01-11
CLI0252,Cheikh,Gueye,1986-05-04,M,+221 77 766 35 46,Abidjan,2020-08-07
CLI0253,Mamadou,Gueye,1990-10-03,M,+221 73 647 14 32,Bamako,2023-12-12
CLI0254,Ibrahima,Traoré,2000-05-06,M,+221 77 290 47 14,Dakar,2020-09-03
CLI0255,Moussa,Diallo,1985-05-20,M,+221 78 636 73 27,Cotonou,2021-08-16
CLI0256,Aïssatou,Fall,1979-11-01,F,+221 72 848 68 92,Kaolack,2023-01-11
CLI0257,Ibrahima,Diouf,1980-02-15,M,+221 74 681 96 34,Saint-Louis,2022-06-05
CLI0258,Ndèye,Ba,1979-09-17,F,+221 71 510 95 22,Saint-Louis,2019-10-15
CLI0259,Khady,Sow,1965-04-22,F,+221 74 492 40 67,Kaolack,2020-11-06
CLI0260,Mame,Diouf,1990-09-13,F,+221 70 367 93 56,Ziguinchor,2019-05-08
CLI0261,Seydou,Diallo,1972-03-01,M,+221 76 802 74 49,Thiès,2022-08-01
CLI0262,Khady,Sarr,1974-11-28,F,+221 73 236 71 29,Lomé,2023-03-12
CLI0263,Ndèye,Diouf,1989-08-21,F,+221 77 875 78 95,Ziguinchor,2023-04-10
CLI0264,Lamine,Fall,1988-07-28,M,+221 77 640 56 19,Ouagadougou,2019-08-18
CLI0265,Modou,Ba,1974-01-26,M,+221 79 649 29 31,Abidjan,2023-10-16
CLI0266,Aminata,Gueye,1974-03-20,F,+221 79 600 21 75,Lomé,2023-07-15
CLI0267,Seydou,Ndiaye,1988-01-10,M,+221 76 567 82 17,Cotonou,2021-08-04
CLI0268,Fatou,Traoré,1976-06-01,F,+221 70 863 37 84,Thiès,2019-04-03
CLI0269,Khady,Diouf,1967-11-11,F,+221 78 161 18 70,Dakar,2020-08-10
CLI0270,Mariama,Ndiaye,1999-05-10,F,+221 76 483 58 67,Bamako,2021-02-08
CLI0271,Modou,Ndiaye,1994-04-26,M,+221 75 221 32 78,Bamako,2021-12-19
CLI0272,Abdou,Diop,1998-12-03,M,+221 70 405 69 96,Cotonou,2021-05-18
CLI0273,Aïssatou,Sow,1985-08-30,F,+221 75 258 45 34,Thiès,2019-03-07
CLI0274,Mame,Diop,1975-10-19,F,+221 73 168 22 86,Dakar,2021-07-03
CLI0275,Abdou,Diouf,1966-12-26,M,+221 76 549 39 79,Ziguinchor,2023-03-25
CLI0276,Ousmane,Ba,1977-12-23,M,+221 73 935 83 50,Ouagadougou,2022-05-09
CLI0277,Aïssatou,Diallo,1971-06-06,F,+221 78 326 62 48,Kaolack,2019-05-05
CLI0278,Cheikh,Ba,1987-03-27,M,+221 70 452 92 95,Bamako,2023-05-29
CLI0279,Ndèye,Traoré,1971-09-11,F,+221 74 485 33 78,Lomé,2020-05-08
CLI0280,Aliou,Diouf,1971-06-24,M,+221 77 159 81 62,Bamako,2022-02-15
CLI0281,Cheikh,Sow,1976-06-09,M,+221 73 438 92 20,Lomé,2023-10-01
CLI0282,Aminata,Ba,1997-07-03,F,+221 73 152 44 58,Ouagadougou,2022-05-19
CLI0283,Mamadou,Sow,1999-03-03,M,+221 79 841 95 81,Ziguinchor,2021-09-08
CLI0284,Moussa,Diallo,1965-09-09,M,+221 73 294 25 71,Ziguinchor,2022-11-25
CLI0285,Cheikh,Sow,1989-10-07,M,+221 75 894 46 58,Lomé,2021-12-28
CLI0286,Rokhaya,Diallo,1981-02-18,F,+221 78 609 69 22,Lomé,2023-04-09
CLI0287,Aïssatou,Sy,1979-01-14,F,+221 76 146 82 38,Saint-Louis,2019-02-03
CLI0288,Coumba,Sarr,1990-12-24,F,+221 76 402 29 35,Abidjan,2020-04-16
CLI0289,Mame,Sow,1987-05-26,F,+221 78 770 97 53,Kaolack,2023-04-13
CLI0290,Adja,Koné,1972-07-19,F,+221 75 273 27 79,Lomé,2020-01-12
CLI0291,Modou,Diop,1968-05-02,M,+221 70 882 10 62,Saint-Louis,2023-09-22
CLI0292,Mamadou,Diouf,1971-10-11,M,+221 70 323 74 68,Abidjan,2019-05-04
CLI0293,Adja,Diop,1965-04-19,F,+221 78 664 62 11,Dakar,2021-12-20
CLI0294,Coumba,Diallo,1965-10-08,F,+221 78 932 99 96,Bamako,2023-07-10
CLI0295,Mamadou,Fall,1988-07-10,M,+221 72 346 34 89,Cotonou,2020-05-31
CLI0296,Rokhaya,Traoré,1968-07-18,F,+221 75 515 68 82,Ziguinchor,2022-11-28
CLI0297,Aliou,Gueye,1968-08-13,M,+221 70 195 61 58,Bamako,2022-02-05
CLI0298,Fatou,Gueye,1965-06-04,F,+221 72 184 73 65,Abidjan,2022-03-04
CLI0299,Modou,Diop,1975-04-23,M,+221 73 988 98 82,Lomé,2020-07-09
CLI0300,Mamadou,Gueye,1977-07-30,M,+221 78 677 94 14,Saint-Louis,2023-10-08
